Expiration Date,Calls,Last Sale,Net,Bid,Ask,Volume,IV,Delta,Gamma,Open Interest,Strike,Puts,Last Sale,Net,Bid,Ask,Volume,IV,Delta,Gamma,Open Interest
Thu Apr 06 2023,AMD230406C00083000,9.5,0,9.35,9.55,126,0,0.9984,0.0015,144,83.00,AMD230406P00083000,0.01,-0.005,0,0.01,111,5.4807,-0.0016,0.0015,1271
Thu Apr 06 2023,AMD230406C00084000,8.7,0.275,8.35,8.55,35,0,0.9982,0.0019,110,84.00,AMD230406P00084000,0.01,-0.01,0,0.01,152,4.9318,-0.0018,0.0019,4616
Thu Apr 06 2023,AMD230406C00085000,7.55,0.15,7.35,7.55,180,0,0.9979,0.0024,907,85.00,AMD230406P00085000,0.01,-0.005,0,0.01,229,4.3841,-0.0021,0.0024,2228
Thu Apr 06 2023,AMD230406C00086000,6.63,0.205,6.35,6.55,60,0,0.9976,0.0031,296,86.00,AMD230406P00086000,0.01,-0.015,0,0.01,199,3.8365,-0.0024,0.0031,1431
Thu Apr 06 2023,AMD230406C00087000,5.61,0.11,5.35,5.6,320,0,0.9972,0.0042,308,87.00,AMD230406P00087000,0.01,-0.025,0,0.01,1142,3.2879,-0.0028,0.0042,2506
Thu Apr 06 2023,AMD230406C00088000,4.59,0.09,4.35,4.6,254,0,0.9966,0.006,673,88.00,AMD230406P00088000,0.01,-0.045,0,0.01,1245,2.7366,-0.0034,0.006,2332
Thu Apr 06 2023,AMD230406C00089000,3.8,0.325,3.35,3.6,407,0,0.9957,0.0094,449,89.00,AMD230406P00089000,0.01,-0.085,0,0.01,5470,2.18,-0.0043,0.0094,3782
Thu Apr 06 2023,AMD230406C00090000,2.53,-0.135,2.37,2.58,2057,0,0.9942,0.0166,1585,90.00,AMD230406P00090000,0.01,-0.175,0,0.01,18035,1.6137,-0.0058,0.0166,5510
Thu Apr 06 2023,AMD230406C00091000,1.44,-0.43,1.41,1.56,6204,0,0.991,0.0387,925,91.00,AMD230406P00091000,0.01,-0.345,0,0.01,22613,1.0292,-0.009,0.0387,6820
Thu Apr 06 2023,AMD230406C00092000,0.5,-0.68,0.4,0.5,26902,0,0.9272,0.4221,2944,92.00,AMD230406P00092000,0.01,-0.645,0,0.01,23693,0.3994,-0.0728,0.4221,7276
Thu Apr 06 2023,AMD230406C00093000,0.01,-0.645,0,0.01,27943,0.4306,0.0586,0.3503,5420,93.00,AMD230406P00093000,0.52,-0.615,0.41,0.63,10383,0,-0.9414,0.3503,5159
Thu Apr 06 2023,AMD230406C00094000,0.01,-0.325,0,0.01,7530,1.0416,0.0089,0.0379,5623,94.00,AMD230406P00094000,1.53,-0.28,1.42,1.65,2101,0,-0.9911,0.0379,8550
Thu Apr 06 2023,AMD230406C00095000,0.01,-0.155,0,0.01,5624,1.598,0.006,0.0171,7942,95.00,AMD230406P00095000,2.53,-0.125,2.45,2.6,11277,1.7677,-0.994,0.0171,17936
Thu Apr 06 2023,AMD230406C00096000,0.01,-0.085,0,0.01,1712,2.1253,0.0045,0.01,5140,96.00,AMD230406P00096000,3.47,-0.13,3.45,3.65,898,0,-0.9955,0.01,3537
Thu Apr 06 2023,AMD230406C00097000,0.01,-0.045,0,0.01,592,2.6321,0.0037,0.0067,6241,97.00,AMD230406P00097000,4.48,-0.095,4.45,4.65,275,0,-0.9963,0.0067,2815
Thu Apr 06 2023,AMD230406C00098000,0.01,-0.035,0,0.01,211,3.1228,0.0031,0.0048,5397,98.00,AMD230406P00098000,5.55,-0.025,5.45,5.65,215,0,-0.9969,0.0048,2463
Thu Apr 06 2023,AMD230406C00099000,0.01,-0.015,0,0.01,160,3.6002,0.0027,0.0037,5125,99.00,AMD230406P00099000,6.5,-0.05,6.45,6.7,78,0,-0.9973,0.0037,2347
Thu Apr 06 2023,AMD230406C00100000,0.01,-0.005,0,0.01,526,4.066,0.0024,0.0029,10319,100.00,AMD230406P00100000,7.5,-0.1,7.45,7.6,447,0,-0.9976,0.0029,1713
Thu Apr 06 2023,AMD230406C00101000,0.01,-0.005,0,0.01,169,4.5215,0.0022,0.0024,3421,101.00,AMD230406P00101000,8.35,-0.25,8.45,8.7,27,0,-0.9978,0.0024,402
Thu Apr 06 2023,AMD230406C00102000,0.01,0.005,0,0.01,68,4.9676,0.002,0.002,2435,102.00,AMD230406P00102000,9.2,-0.425,9.45,9.7,32,0,-0.998,0.002,733
Fri Apr 14 2023,AMD230414C00083000,9.72,-0.105,9.55,9.8,166,0.4442,0.9452,0.0172,293,83.00,AMD230414P00083000,0.15,-0.115,0.14,0.15,289,0.4645,-0.0549,0.0173,916
Fri Apr 14 2023,AMD230414C00084000,9.05,0.15,8.65,8.85,22,0.4504,0.9287,0.0217,225,84.00,AMD230414P00084000,0.21,-0.135,0.19,0.2,673,0.4527,-0.0715,0.0218,1679
Fri Apr 14 2023,AMD230414C00085000,8.1,0.075,7.7,7.9,134,0.4427,0.9068,0.0272,867,85.00,AMD230414P00085000,0.26,-0.18,0.26,0.28,1688,0.4452,-0.0932,0.0273,2311
Fri Apr 14 2023,AMD230414C00086000,7,-0.125,6.8,7,77,0.4352,0.8782,0.0337,569,86.00,AMD230414P00086000,0.36,-0.205,0.36,0.38,826,0.4376,-0.122,0.0338,1213
Fri Apr 14 2023,AMD230414C00087000,6.2,-0.125,5.95,6.15,101,0.4259,0.8417,0.0409,544,87.00,AMD230414P00087000,0.51,-0.22,0.47,0.51,1256,0.4297,-0.1585,0.041,1399
Fri Apr 14 2023,AMD230414C00088000,5.5,-0.05,5.15,5.3,192,0.4269,0.7974,0.0483,457,88.00,AMD230414P00088000,0.67,-0.265,0.66,0.68,3421,0.4226,-0.203,0.0485,3276
Fri Apr 14 2023,AMD230414C00089000,4.5,-0.3,4.4,4.5,165,0.4155,0.7456,0.0556,934,89.00,AMD230414P00089000,0.91,-0.27,0.86,0.91,3329,0.4175,-0.255,0.0558,2521
Fri Apr 14 2023,AMD230414C00090000,3.76,-0.34,3.7,3.8,817,0.4147,0.6869,0.0622,1864,90.00,AMD230414P00090000,1.16,-0.32,1.14,1.18,5097,0.4125,-0.3138,0.0625,5068
Fri Apr 14 2023,AMD230414C00091000,3.07,-0.38,3.05,3.15,1194,0.4062,0.6223,0.0677,1272,91.00,AMD230414P00091000,1.53,-0.31,1.5,1.53,15767,0.408,-0.3787,0.068,11911
Fri Apr 14 2023,AMD230414C00092000,2.5,-0.365,2.48,2.5,8647,0.4024,0.5529,0.0714,1637,92.00,AMD230414P00092000,1.92,-0.345,1.9,1.93,4622,0.4013,-0.4484,0.0718,3006
Fri Apr 14 2023,AMD230414C00093000,1.98,-0.375,1.95,1.99,8374,0.3973,0.4806,0.073,2744,93.00,AMD230414P00093000,2.4,-0.345,2.37,2.43,2410,0.398,-0.5211,0.0734,2382
Fri Apr 14 2023,AMD230414C00094000,1.52,-0.38,1.52,1.54,2590,0.3928,0.4081,0.0719,1484,94.00,AMD230414P00094000,2.96,-0.34,2.92,2.98,1178,0.3923,-0.5942,0.0724,6163
Fri Apr 14 2023,AMD230414C00095000,1.16,-0.35,1.15,1.17,7877,0.3879,0.3382,0.0683,5239,95.00,AMD230414P00095000,3.54,-0.36,3.55,3.65,19336,0.3901,-0.6646,0.0689,6066
Fri Apr 14 2023,AMD230414C00096000,0.85,-0.33,0.84,0.89,1653,0.3867,0.2738,0.0625,2729,96.00,AMD230414P00096000,4.32,-0.255,4.25,4.35,325,0.3864,-0.7298,0.0632,1803
Fri Apr 14 2023,AMD230414C00097000,0.63,-0.285,0.62,0.64,1712,0.3856,0.2169,0.0552,2929,97.00,AMD230414P00097000,5.03,-0.27,5,5.15,755,0.3794,-0.7874,0.056,1639
Fri Apr 14 2023,AMD230414C00098000,0.46,-0.235,0.45,0.47,2173,0.3871,0.1685,0.0473,3237,98.00,AMD230414P00098000,5.9,-0.2,5.8,6,102,0.3922,-0.8366,0.0482,1578
Fri Apr 14 2023,AMD230414C00099000,0.32,-0.215,0.32,0.34,1048,0.3888,0.1286,0.0392,1770,99.00,AMD230414P00099000,6.75,-0.2,6.7,6.9,300,0.3948,-0.8769,0.0403,596
Fri Apr 14 2023,AMD230414C00100000,0.24,-0.165,0.23,0.24,2154,0.391,0.0974,0.0319,5141,100.00,AMD230414P00100000,7.8,-0.025,7.65,7.75,430,0.3942,-0.909,0.033,1216
Fri Apr 14 2023,AMD230414C00101000,0.18,-0.135,0.16,0.18,560,0.3958,0.0735,0.0255,1258,101.00,AMD230414P00101000,8.41,-0.315,8.55,8.75,22,0.4055,-0.9338,0.0267,378
Fri Apr 14 2023,AMD230414C00102000,0.13,-0.105,0.12,0.14,708,0.4024,0.0555,0.0202,1659,102.00,AMD230414P00102000,9.3,-0.375,9.5,9.7,7,0.4078,-0.9525,0.0214,198
Fri Apr 21 2023,AMD230421C00083000,0,0,0,0,0,0,0,0,0,83.00,AMD230421P00083000,0,0,0,0,0,0,0,0,0
Fri Apr 21 2023,AMD230421C00084000,9.19,-0.285,9.15,9.4,71,0.4586,0.8624,0.0254,366,84.00,AMD230421P00084000,0.6,-0.21,0.61,0.63,407,0.4598,-0.1379,0.0254,3466
Fri Apr 21 2023,AMD230421C00085000,8.48,-0.145,8.3,8.5,259,0.4533,0.8365,0.029,19029,85.00,AMD230421P00085000,0.76,-0.21,0.75,0.78,3453,0.4525,-0.1638,0.029,17475
Fri Apr 21 2023,AMD230421C00086000,7.76,-0.09,7.5,7.65,218,0.4473,0.8067,0.0327,399,86.00,AMD230421P00086000,0.92,-0.24,0.91,0.94,240,0.4459,-0.1938,0.0328,709
Fri Apr 21 2023,AMD230421C00087000,6.9,-0.175,6.7,6.85,81,0.4446,0.7728,0.0365,312,87.00,AMD230421P00087000,1.13,-0.25,1.11,1.15,582,0.4388,-0.2282,0.0367,1326
Fri Apr 21 2023,AMD230421C00088000,6.24,-0.11,5.95,6.1,293,0.4317,0.7348,0.0402,585,88.00,AMD230421P00088000,1.36,-0.28,1.35,1.39,709,0.4342,-0.266,0.0404,2154
Fri Apr 21 2023,AMD230421C00089000,5.58,-0.045,5.25,5.35,494,0.429,0.6931,0.0436,550,89.00,AMD230421P00089000,1.63,-0.31,1.63,1.68,680,0.428,-0.3084,0.0439,1202
Fri Apr 21 2023,AMD230421C00090000,4.65,-0.325,4.6,4.7,933,0.4272,0.648,0.0466,20268,90.00,AMD230421P00090000,1.96,-0.32,1.96,1.99,3855,0.4224,-0.3533,0.0469,32378
Fri Apr 21 2023,AMD230421C00091000,4.01,-0.34,3.95,4.05,177,0.4187,0.6001,0.049,585,91.00,AMD230421P00091000,2.33,-0.33,2.34,2.37,609,0.4177,-0.4015,0.0493,2267
Fri Apr 21 2023,AMD230421C00092000,3.42,-0.355,3.4,3.45,840,0.4141,0.5502,0.0507,814,92.00,AMD230421P00092000,2.76,-0.34,2.76,2.79,2824,0.4131,-0.4518,0.0511,5375
Fri Apr 21 2023,AMD230421C00093000,2.95,-0.325,2.89,2.92,1413,0.4094,0.499,0.0516,1178,93.00,AMD230421P00093000,3.25,-0.325,3.2,3.3,1017,0.4084,-0.5034,0.0521,2664
Fri Apr 21 2023,AMD230421C00094000,2.51,-0.275,2.42,2.45,875,0.4053,0.4474,0.0517,1015,94.00,AMD230421P00094000,3.76,-0.34,3.75,3.85,383,0.4034,-0.5556,0.0522,2649
Fri Apr 21 2023,AMD230421C00095000,2,-0.36,2,2.03,1168,0.4017,0.3961,0.0509,24511,95.00,AMD230421P00095000,4.34,-0.335,4.3,4.4,1460,0.3981,-0.6075,0.0515,12274
Fri Apr 21 2023,AMD230421C00096000,1.65,-0.33,1.64,1.68,451,0.3987,0.3462,0.0492,2051,96.00,AMD230421P00096000,4.91,-0.39,4.95,5.05,310,0.3962,-0.658,0.0498,1906
Fri Apr 21 2023,AMD230421C00097000,1.34,-0.31,1.33,1.37,446,0.3946,0.2988,0.0466,1539,97.00,AMD230421P00097000,5.6,-0.35,5.65,5.75,470,0.3946,-0.7061,0.0474,1716
Fri Apr 21 2023,AMD230421C00098000,1.08,-0.29,1.06,1.1,1424,0.3937,0.2549,0.0434,3164,98.00,AMD230421P00098000,6.35,-0.325,6.4,6.5,243,0.3938,-0.7509,0.0442,1400
Fri Apr 21 2023,AMD230421C00099000,0.88,-0.24,0.85,0.88,222,0.3928,0.2151,0.0396,2032,99.00,AMD230421P00099000,7.2,-0.25,7.15,7.8,13,0.395,-0.7916,0.0405,1555
Fri Apr 21 2023,AMD230421C00100000,0.68,-0.24,0.67,0.7,5084,0.3931,0.1797,0.0355,34707,100.00,AMD230421P00100000,8,-0.25,8,8.2,297,0.3994,-0.8275,0.0366,14071
Fri Apr 21 2023,AMD230421C00101000,0.54,-0.205,0.53,0.56,417,0.3927,0.1498,0.0315,1810,101.00,AMD230421P00101000,9.8,0.725,8.85,9.05,2,0.3977,-0.8587,0.0326,278
Fri Apr 21 2023,AMD230421C00102000,0.44,-0.165,0.42,0.44,583,0.3936,0.1241,0.0276,2480,102.00,AMD230421P00102000,9.7,-0.25,9.4,9.9,6,0.3948,-0.8852,0.0287,1001
Fri Apr 28 2023,AMD230428C00083000,10.56,-0.315,10.5,10.9,3,0.483,0.8419,0.0222,51,83.00,AMD230428P00083000,0.92,-0.21,0.78,0.96,56,0.4776,-0.1587,0.0223,246
Fri Apr 28 2023,AMD230428C00084000,9.15,-1,9.7,10.1,5,0.4819,0.8187,0.0245,31,84.00,AMD230428P00084000,1.09,-0.215,1.09,1.16,47,0.4723,-0.182,0.0247,230
Fri Apr 28 2023,AMD230428C00085000,9.22,-0.08,8.75,9.35,55,0.4688,0.7931,0.0269,333,85.00,AMD230428P00085000,1.3,-0.21,1.28,1.31,626,0.4656,-0.2078,0.0271,2006
Fri Apr 28 2023,AMD230428C00086000,7.75,-0.75,8.2,8.7,9,0.4602,0.765,0.0293,72,86.00,AMD230428P00086000,1.47,-0.275,1.5,1.69,48,0.4604,-0.2361,0.0295,326
Fri Apr 28 2023,AMD230428C00087000,7.55,-0.25,7.45,7.95,8,0.4548,0.7344,0.0316,194,87.00,AMD230428P00087000,1.77,-0.24,1.75,1.9,84,0.4553,-0.2668,0.0318,414
Fri Apr 28 2023,AMD230428C00088000,6.24,-0.835,6.75,6.85,7,0.4519,0.7016,0.0338,106,88.00,AMD230428P00088000,2.05,-0.25,2.03,2.15,639,0.4506,-0.2999,0.034,411
Fri Apr 28 2023,AMD230428C00089000,6.05,-0.35,6.05,6.5,1,0.4448,0.6667,0.0358,88,89.00,AMD230428P00089000,2.33,-0.3,2.35,2.54,162,0.4462,-0.3351,0.036,358
Fri Apr 28 2023,AMD230428C00090000,5.68,-0.07,5.4,5.55,104,0.4396,0.6299,0.0375,413,90.00,AMD230428P00090000,2.62,-0.39,2.7,2.75,471,0.441,-0.3722,0.0378,1629
Fri Apr 28 2023,AMD230428C00091000,5.05,-0.125,4.8,5.2,34,0.4359,0.5915,0.0389,128,91.00,AMD230428P00091000,3,-0.4,3.05,3.5,39,0.4374,-0.4109,0.0393,172
Fri Apr 28 2023,AMD230428C00092000,4.35,-0.25,4.25,4.35,273,0.4334,0.552,0.04,467,92.00,AMD230428P00092000,3.55,-0.275,3.5,3.8,304,0.4321,-0.4509,0.0404,314
Fri Apr 28 2023,AMD230428C00093000,3.8,-0.3,3.75,3.85,162,0.4293,0.5116,0.0407,393,93.00,AMD230428P00093000,4,-0.3,4,4.45,53,0.4307,-0.4918,0.0412,188
Fri Apr 28 2023,AMD230428C00094000,3.45,-0.15,3.25,3.35,311,0.4263,0.4708,0.041,616,94.00,AMD230428P00094000,4.55,-0.275,4.5,4.6,19,0.4249,-0.5331,0.0415,157
Fri Apr 28 2023,AMD230428C00095000,2.92,-0.23,2.83,3.05,357,0.4221,0.43,0.0408,932,95.00,AMD230428P00095000,5.02,-0.355,5.05,5.15,27,0.42,-0.5744,0.0414,842
Fri Apr 28 2023,AMD230428C00096000,2.5,-0.255,2.43,2.51,184,0.419,0.3894,0.0402,814,96.00,AMD230428P00096000,5.67,-0.305,5.65,6.05,37,0.4161,-0.6153,0.0408,232
Fri Apr 28 2023,AMD230428C00097000,2.12,-0.265,2.08,2.13,70,0.4156,0.3507,0.0391,786,97.00,AMD230428P00097000,6.22,-0.38,6.3,6.7,5,0.4134,-0.6552,0.0398,287
Fri Apr 28 2023,AMD230428C00098000,1.77,-0.29,1.77,1.92,65,0.4131,0.3131,0.0376,604,98.00,AMD230428P00098000,7.08,-0.22,7,7.1,10,0.4121,-0.6936,0.0384,246
Fri Apr 28 2023,AMD230428C00099000,1.61,-0.155,1.49,1.68,115,0.4111,0.2775,0.0358,344,99.00,AMD230428P00099000,7.74,-0.26,7.75,7.85,23,0.4128,-0.73,0.0366,196
Fri Apr 28 2023,AMD230428C00100000,1.29,-0.22,1.25,1.29,685,0.4097,0.2438,0.0336,2615,100.00,AMD230428P00100000,8.48,-0.27,8.5,9.35,1,0.4091,-0.7642,0.0346,381
Fri Apr 28 2023,AMD230428C00101000,1.07,-0.215,1.05,1.23,61,0.4083,0.2136,0.0313,1276,101.00,AMD230428P00101000,10.35,0,9.25,10.15,0,0.4078,-0.7958,0.0323,65
Fri Apr 28 2023,AMD230428C00102000,0.91,-0.175,0.87,0.91,69,0.408,0.1855,0.0288,296,102.00,AMD230428P00102000,10.55,0.25,10.1,11,1,0.4146,-0.8246,0.0299,115
Fri May 05 2023,AMD230505C00083000,11.85,11.85,11.55,11.7,15,0.5421,0.7897,0.0202,13,83.00,AMD230505P00083000,1.83,1.83,1.77,1.84,6,0.5437,-0.2115,0.0204,5
Fri May 05 2023,AMD230505C00084000,10.25,-0.825,10.8,10.95,30,0.5394,0.7682,0.0216,27,84.00,AMD230505P00084000,2.03,-0.195,2.02,2.07,25,0.5385,-0.2334,0.0217,90
Fri May 05 2023,AMD230505C00085000,10.08,-0.245,10.05,10.25,16,0.5339,0.7453,0.0229,72,85.00,AMD230505P00085000,2.31,-0.175,2.25,2.33,152,0.5346,-0.2564,0.0231,350
Fri May 05 2023,AMD230505C00086000,9.69,0.065,9.35,9.5,4,0.5287,0.7212,0.0242,61,86.00,AMD230505P00086000,2.52,-0.25,2.55,2.61,35,0.5299,-0.2805,0.0244,82
Fri May 05 2023,AMD230505C00087000,8.61,-0.315,8.65,8.8,3,0.5236,0.6959,0.0254,46,87.00,AMD230505P00087000,2.89,-0.185,2.85,2.91,39,0.525,-0.306,0.0256,193
Fri May 05 2023,AMD230505C00088000,8.07,-0.205,8,8.1,1,0.5211,0.6695,0.0265,43,88.00,AMD230505P00088000,3.2,-0.225,3.15,3.25,15,0.5191,-0.3329,0.0268,130
Fri May 05 2023,AMD230505C00089000,7.36,-0.315,7.35,7.5,39,0.5157,0.6421,0.0276,28,89.00,AMD230505P00089000,3.53,-0.245,3.5,3.65,14,0.5194,-0.3603,0.0278,205
Fri May 05 2023,AMD230505C00090000,6.98,-0.095,6.75,6.85,65,0.5127,0.6137,0.0284,90,90.00,AMD230505P00090000,3.93,-0.245,3.9,4,98,0.5115,-0.3889,0.0287,813
Fri May 05 2023,AMD230505C00091000,6.27,-0.205,6.15,6.3,14,0.5092,0.5846,0.0292,42,91.00,AMD230505P00091000,4.37,-0.23,4.35,4.45,132,0.5102,-0.4186,0.0295,129
Fri May 05 2023,AMD230505C00092000,5.9,-0.025,5.55,5.75,163,0.5054,0.555,0.0298,164,92.00,AMD230505P00092000,4.9,-0.15,4.8,4.9,74,0.5064,-0.4486,0.0302,120
Fri May 05 2023,AMD230505C00093000,5.25,-0.175,5.1,5.25,51,0.5012,0.5249,0.0303,98,93.00,AMD230505P00093000,5.24,-0.285,5.25,5.4,67,0.5026,-0.4788,0.0306,164
Fri May 05 2023,AMD230505C00094000,4.85,-0.075,4.6,4.75,59,0.4988,0.4946,0.0305,169,94.00,AMD230505P00094000,5.95,-0.1,5.8,5.9,3,0.5003,-0.5095,0.0309,71
Fri May 05 2023,AMD230505C00095000,4.4,-0.075,4.15,4.3,49,0.4961,0.4642,0.0306,293,95.00,AMD230505P00095000,6.4,-0.2,6.35,6.45,46,0.4976,-0.5403,0.031,237
Fri May 05 2023,AMD230505C00096000,3.8,-0.25,3.75,3.85,29,0.4933,0.4338,0.0305,175,96.00,AMD230505P00096000,6.95,-0.225,6.9,7,13,0.4918,-0.5709,0.031,617
Fri May 05 2023,AMD230505C00097000,3.5,-0.15,3.35,3.5,19,0.4897,0.404,0.0302,209,97.00,AMD230505P00097000,8.08,0.305,7.5,7.65,1,0.4906,-0.6012,0.0307,114
Fri May 05 2023,AMD230505C00098000,3.09,-0.185,3,3.1,22,0.4882,0.3749,0.0297,507,98.00,AMD230505P00098000,9.13,0.755,8.15,8.3,10,0.4864,-0.6309,0.0302,54
Fri May 05 2023,AMD230505C00099000,2.72,-0.22,2.69,2.76,45,0.4856,0.3467,0.029,141,99.00,AMD230505P00099000,8.7,-0.325,8.8,8.95,7,0.4844,-0.6599,0.0296,32
Fri May 05 2023,AMD230505C00100000,2.44,-0.185,2.4,2.44,294,0.4838,0.3193,0.0282,2193,100.00,AMD230505P00100000,9.6,-0.125,9.5,9.7,12,0.4822,-0.6881,0.0289,137
Fri May 05 2023,AMD230505C00101000,2.18,-0.155,2.11,2.16,9,0.4807,0.2929,0.0273,424,101.00,AMD230505P00101000,11.05,0.625,10.2,10.35,2,0.4798,-0.7151,0.028,24
Fri May 05 2023,AMD230505C00102000,1.92,-0.16,1.86,1.98,35,0.4795,0.2677,0.0262,153,102.00,AMD230505P00102000,11.42,0,10.9,11.25,0,0.4773,-0.741,0.0269,12
Fri May 12 2023,AMD230512C00083000,0,0,12,12.25,0,0.5385,0.7733,0.0191,0,83.00,AMD230512P00083000,2.25,2.25,2.19,2.27,6,0.5392,-0.2281,0.0193,6
Fri May 12 2023,AMD230512C00084000,10.88,-0.695,11.25,11.45,11,0.5336,0.753,0.0202,33,84.00,AMD230512P00084000,2.55,-0.1,2.44,2.52,14,0.5344,-0.2488,0.0204,73
Fri May 12 2023,AMD230512C00085000,10.1,-0.75,10.6,10.75,3,0.5318,0.7316,0.0213,13,85.00,AMD230512P00085000,2.76,-0.17,2.72,2.8,443,0.5305,-0.2702,0.0214,273
Fri May 12 2023,AMD230512C00086000,9.92,-0.255,9.9,10.05,1,0.5276,0.7093,0.0223,1,86.00,AMD230512P00086000,3.02,-0.205,3,3.1,12,0.5254,-0.2929,0.0225,74
Fri May 12 2023,AMD230512C00087000,12.15,0,9.2,9.35,0,0.5212,0.6859,0.0233,9,87.00,AMD230512P00087000,3.3,-0.275,3.3,3.45,7,0.5217,-0.3165,0.0235,168
Fri May 12 2023,AMD230512C00088000,8.8,-0.025,8.55,8.7,10,0.5174,0.6617,0.0242,29,88.00,AMD230512P00088000,3.7,-0.225,3.65,3.8,8,0.5185,-0.3407,0.0244,17
Fri May 12 2023,AMD230512C00089000,8.02,-0.205,7.95,8.1,5,0.5137,0.6367,0.025,6,89.00,AMD230512P00089000,4.45,0.175,3.95,4.15,6,0.5146,-0.3662,0.0253,18
Fri May 12 2023,AMD230512C00090000,7.5,-0.125,7.35,7.5,4,0.5099,0.611,0.0258,14,90.00,AMD230512P00090000,4.45,-0.225,4.4,4.55,61,0.5114,-0.392,0.026,70
Fri May 12 2023,AMD230512C00091000,6.9,-0.125,6.8,6.9,19,0.5083,0.5847,0.0264,33,91.00,AMD230512P00091000,5.1,-0.025,4.85,5,45,0.5077,-0.4187,0.0267,51
Fri May 12 2023,AMD230512C00092000,6.36,-0.165,6.2,6.35,131,0.5022,0.5578,0.0269,112,92.00,AMD230512P00092000,5.3,-0.275,5.3,5.45,17,0.5035,-0.4461,0.0273,259
Fri May 12 2023,AMD230512C00093000,5.97,-0.005,5.7,5.85,27,0.5008,0.5304,0.0273,39,93.00,AMD230512P00093000,5.8,-0.225,5.75,5.95,2,0.4995,-0.4737,0.0277,50
Fri May 12 2023,AMD230512C00094000,5.2,-0.3,5.2,5.35,14,0.4962,0.5033,0.0276,204,94.00,AMD230512P00094000,6.7,0.15,6.3,6.45,4,0.4975,-0.5015,0.028,37
Fri May 12 2023,AMD230512C00095000,4.95,-0.075,4.75,4.9,88,0.494,0.4759,0.0277,109,95.00,AMD230512P00095000,7.05,-0.025,6.8,6.95,25,0.4932,-0.5294,0.0281,108
Fri May 12 2023,AMD230512C00096000,4.49,-0.11,4.3,4.45,21,0.4896,0.4485,0.0277,136,96.00,AMD230512P00096000,7.4,-0.25,7.4,7.55,11,0.4913,-0.557,0.0282,67
Fri May 12 2023,AMD230512C00097000,4.07,-0.105,3.9,4.05,16,0.4876,0.4212,0.0275,219,97.00,AMD230512P00097000,7.8,0,8,8.1,0,0.4888,-0.5846,0.028,79
Fri May 12 2023,AMD230512C00098000,3.75,-0.075,3.55,3.7,15,0.4851,0.3945,0.0272,82,98.00,AMD230512P00098000,6.9,0,8.6,8.75,0,0.484,-0.6118,0.0278,54
Fri May 12 2023,AMD230512C00099000,3.31,-0.165,3.2,3.35,10,0.4825,0.3684,0.0268,123,99.00,AMD230512P00099000,7.6,0,9.25,9.4,0,0.4813,-0.6386,0.0274,5
Fri May 12 2023,AMD230512C00100000,2.94,-0.185,2.9,3,96,0.4801,0.3429,0.0262,196,100.00,AMD230512P00100000,10.16,-0.015,9.9,10.1,7,0.4809,-0.6647,0.0269,14
Fri May 12 2023,AMD230512C00101000,2.69,-0.14,2.58,2.73,10,0.4788,0.3185,0.0256,24,101.00,AMD230512P00101000,8.7,0,10.65,10.8,0,0.4782,-0.69,0.0262,1
Fri May 12 2023,AMD230512C00102000,2.37,-0.175,2.32,2.46,74,0.4772,0.2948,0.0248,111,102.00,AMD230512P00102000,11.81,0,11.35,11.6,0,0.4731,-0.7145,0.0255,3
Fri May 19 2023,AMD230519C00045000,51.65,0,47.45,48.15,0,0.8614,0.9948,0.0006,2,45.00,AMD230519P00045000,0.05,-0.005,0.03,0.06,7,0.8684,-0.0054,0.0006,921
Fri May 19 2023,AMD230519C00050000,42.35,0,42.65,43.05,0,0.7831,0.9914,0.0009,22,50.00,AMD230519P00050000,0.09,-0.005,0.05,0.08,4,0.7862,-0.0088,0.0009,364
Fri May 19 2023,AMD230519C00055000,41.04,0,37.75,38.1,0,0.7481,0.9857,0.0016,3,55.00,AMD230519P00055000,0.13,-0.025,0.12,0.14,83,0.7449,-0.0146,0.0016,1160
Fri May 19 2023,AMD230519C00060000,33.1,0,32.9,33.25,2,0.697,0.9758,0.0026,18,60.00,AMD230519P00060000,0.22,-0.03,0.2,0.22,55,0.6859,-0.0245,0.0026,797
Fri May 19 2023,AMD230519C00065000,27.98,0,28.05,28.45,0,0.6449,0.9588,0.0043,55,65.00,AMD230519P00065000,0.36,-0.06,0.35,0.37,59,0.6389,-0.0415,0.0044,1753
Fri May 19 2023,AMD230519C00070000,23.23,-0.42,23.4,23.7,22,0.6046,0.9302,0.007,128,70.00,AMD230519P00070000,0.62,-0.1,0.58,0.64,78,0.6001,-0.0704,0.007,1560
Fri May 19 2023,AMD230519C00075000,18.32,-0.855,18.9,19.15,8,0.5676,0.8842,0.0108,167,75.00,AMD230519P00075000,1.1,-0.12,1.07,1.12,426,0.5689,-0.1166,0.0108,9397
Fri May 19 2023,AMD230519C00080000,14.82,-0.18,14.75,15,36,0.5435,0.8161,0.0154,736,80.00,AMD230519P00080000,1.88,-0.16,1.83,1.9,277,0.542,-0.1852,0.0155,5708
Fri May 19 2023,AMD230519C00085000,11,-0.3,10.95,11.15,155,0.5197,0.7238,0.0202,1961,85.00,AMD230519P00085000,3.1,-0.175,3.05,3.15,397,0.5195,-0.2784,0.0204,7620
Fri May 19 2023,AMD230519C00090000,7.89,-0.21,7.8,7.9,255,0.4999,0.6101,0.024,3135,90.00,AMD230519P00090000,4.86,-0.215,4.85,4.9,2255,0.5009,-0.3935,0.0244,6561
Fri May 19 2023,AMD230519C00095000,5.32,-0.18,5.2,5.35,2046,0.4868,0.4841,0.0258,9240,95.00,AMD230519P00095000,7.25,-0.2,7.2,7.35,543,0.4847,-0.5214,0.0263,3741
Fri May 19 2023,AMD230519C00100000,3.35,-0.2,3.3,3.4,1142,0.4732,0.3592,0.0248,9743,100.00,AMD230519P00100000,10.33,-0.17,10.3,10.4,104,0.4721,-0.649,0.0255,10133
Fri May 19 2023,AMD230519C00105000,2.01,-0.165,2.01,2.03,650,0.4648,0.2497,0.0215,11342,105.00,AMD230519P00105000,13.9,-0.25,13.95,14.1,31,0.4615,-0.7622,0.0224,854
Fri May 19 2023,AMD230519C00110000,1.17,-0.125,1.16,1.24,911,0.4597,0.1649,0.0169,5650,110.00,AMD230519P00110000,18,-0.325,18.1,18.35,6,0.4566,-0.8519,0.018,142
Fri May 19 2023,AMD230519C00115000,0.68,-0.085,0.66,0.73,250,0.4607,0.1053,0.0124,3232,115.00,AMD230519P00115000,22.65,0,22.65,23,0,0.4636,-0.9165,0.0137,158
Fri May 19 2023,AMD230519C00120000,0.4,-0.05,0.39,0.41,230,0.4672,0.0666,0.0087,8029,120.00,AMD230519P00120000,22.86,0,27.35,27.85,0,0.4638,-0.9602,0.0102,124
Fri May 19 2023,AMD230519C00125000,0.23,-0.045,0.21,0.25,66,0.4752,0.0425,0.006,1206,125.00,AMD230519P00125000,31.3,0,32.35,32.75,0,0.4928,-0.9882,0.0069,19
Fri May 19 2023,AMD230519C00130000,0.13,-0.04,0.12,0.16,57,0.486,0.0278,0.0041,881,130.00,AMD230519P00130000,34.86,0,37.35,37.7,0,0,-0.999,0.0008,0
Fri May 19 2023,AMD230519C00135000,0.09,-0.015,0.08,0.1,30,0.4967,0.0187,0.0029,205,135.00,AMD230519P00135000,0,0,42.3,42.7,0,0,-1,0,0
Fri May 19 2023,AMD230519C00140000,0.06,-0.005,0.06,0.07,9,0.5112,0.013,0.002,357,140.00,AMD230519P00140000,0,0,47.3,47.7,0,0,-1,0,0
Fri May 26 2023,AMD230526C00083000,0,0,12.8,13.15,0,0.5283,0.7546,0.0175,0,83.00,AMD230526P00083000,0,0,2.79,2.98,0,0.5222,-0.2471,0.0177,0
Fri May 26 2023,AMD230526C00084000,12.15,12.15,12.1,12.45,4,0.5258,0.7358,0.0183,4,84.00,AMD230526P00084000,3.12,3.12,3.05,3.3,18,0.5173,-0.2665,0.0185,14
Fri May 26 2023,AMD230526C00085000,11.35,11.35,11.4,11.7,12,0.5195,0.7163,0.0191,11,85.00,AMD230526P00085000,3.43,3.43,3.45,3.55,3,0.5182,-0.2861,0.0193,2
Fri May 26 2023,AMD230526C00086000,10.74,10.74,10.7,11.05,3,0.5158,0.6961,0.0199,3,86.00,AMD230526P00086000,0,0,3.65,3.9,0,0.509,-0.3063,0.0201,0
Fri May 26 2023,AMD230526C00087000,0,0,10.05,10.4,0,0.5126,0.6753,0.0206,0,87.00,AMD230526P00087000,4.07,4.07,4,4.25,3,0.508,-0.3275,0.0209,1
Fri May 26 2023,AMD230526C00088000,9.46,9.46,9.45,9.7,1,0.5077,0.6538,0.0213,1,88.00,AMD230526P00088000,0,0,4.35,4.65,0,0.5038,-0.3491,0.0216,0
Fri May 26 2023,AMD230526C00089000,8.93,8.93,8.8,9.1,6,0.5036,0.6315,0.0219,6,89.00,AMD230526P00089000,0,0,4.75,5,0,0.4993,-0.3717,0.0222,0
Fri May 26 2023,AMD230526C00090000,0,0,8.25,8.55,0,0.4993,0.609,0.0225,0,90.00,AMD230526P00090000,5.22,5.22,5.15,5.45,17,0.4972,-0.3946,0.0228,17
Fri May 26 2023,AMD230526C00091000,7.65,7.65,7.7,7.95,7,0.4989,0.5859,0.023,7,91.00,AMD230526P00091000,6.05,6.05,5.6,5.85,2,0.4933,-0.418,0.0233,2
Fri May 26 2023,AMD230526C00092000,6.85,6.85,7.15,7.45,1,0.4928,0.5628,0.0234,1,92.00,AMD230526P00092000,6.08,6.08,6.05,6.3,8,0.4918,-0.4415,0.0237,5
Fri May 26 2023,AMD230526C00093000,6.95,6.95,6.65,6.9,18,0.4928,0.5393,0.0237,18,93.00,AMD230526P00093000,6.5,6.5,6.55,6.85,6,0.4901,-0.4655,0.0241,4
Fri May 26 2023,AMD230526C00094000,6.35,6.35,6.15,6.4,20,0.4896,0.5154,0.0239,20,94.00,AMD230526P00094000,7.5,7.5,7,7.35,1,0.4845,-0.4898,0.0243,1
Fri May 26 2023,AMD230526C00095000,5.72,5.72,5.7,6.1,5,0.4862,0.4918,0.024,5,95.00,AMD230526P00095000,7.56,7.56,7.6,7.85,3,0.483,-0.5139,0.0244,3
Fri May 26 2023,AMD230526C00096000,5.37,5.37,5.25,5.5,5,0.4844,0.4685,0.024,5,96.00,AMD230526P00096000,0,0,8.15,8.45,0,0.4839,-0.5376,0.0245,0
Fri May 26 2023,AMD230526C00097000,4.7,4.7,4.85,5.1,4,0.4814,0.4453,0.0239,4,97.00,AMD230526P00097000,0,0,8.7,9,0,0.4789,-0.5614,0.0244,0
Fri May 26 2023,AMD230526C00098000,4.69,4.69,4.45,4.7,4,0.4788,0.4221,0.0237,4,98.00,AMD230526P00098000,0,0,9.3,9.65,0,0.4756,-0.5851,0.0243,0
Fri May 26 2023,AMD230526C00099000,0,0,4.05,4.35,0,0.4759,0.3998,0.0235,0,99.00,AMD230526P00099000,0,0,9.95,10.3,0,0.4747,-0.6083,0.0241,0
Fri May 26 2023,AMD230526C00100000,3.85,3.85,3.7,4,506,0.4755,0.3776,0.0232,504,100.00,AMD230526P00100000,0,0,10.6,10.85,0,0.4706,-0.6308,0.0238,0
Fri May 26 2023,AMD230526C00101000,0,0,3.4,3.7,0,0.4756,0.3556,0.0228,0,101.00,AMD230526P00101000,11.3,11.3,11.3,11.65,1,0.4743,-0.6533,0.0235,1
Fri May 26 2023,AMD230526C00102000,0,0,3.1,3.4,0,0.47,0.3343,0.0223,0,102.00,AMD230526P00102000,0,0,12,12.35,0,0.4724,-0.6754,0.0231,0
Fri Jun 16 2023,AMD230616C00045000,51.75,0,47.85,48.35,0,0.7277,0.9895,0.0009,104,45.00,AMD230616P00045000,0.17,0,0.11,0.14,0,0.7752,-0.0109,0.0009,10228
Fri Jun 16 2023,AMD230616C00050000,42.6,0,42.9,43.45,0,0.7115,0.9832,0.0014,712,50.00,AMD230616P00050000,0.2,-0.02,0.15,0.2,25,0.7172,-0.0172,0.0014,12834
Fri Jun 16 2023,AMD230616C00055000,37.71,-0.665,38.15,38.55,3,0.6626,0.9735,0.0023,748,55.00,AMD230616P00055000,0.3,-0.045,0.29,0.32,47,0.6715,-0.027,0.0023,14306
Fri Jun 16 2023,AMD230616C00060000,33.64,0.04,33.4,33.75,3,0.6309,0.9583,0.0035,5193,60.00,AMD230616P00060000,0.48,-0.05,0.46,0.49,21,0.628,-0.0423,0.0035,28959
Fri Jun 16 2023,AMD230616C00065000,29.1,0.125,28.75,29.1,3,0.5988,0.9348,0.0052,6778,65.00,AMD230616P00065000,0.76,-0.065,0.75,0.77,60,0.5932,-0.066,0.0053,26124
Fri Jun 16 2023,AMD230616C00070000,23.9,-0.625,24.2,24.6,3,0.565,0.8998,0.0076,7843,70.00,AMD230616P00070000,1.2,-0.095,1.15,1.22,56,0.5634,-0.1012,0.0077,23946
Fri Jun 16 2023,AMD230616C00075000,20.13,-0.12,20,20.35,8,0.5445,0.8504,0.0105,10739,75.00,AMD230616P00075000,1.88,-0.135,1.85,1.99,265,0.5397,-0.1512,0.0106,18801
Fri Jun 16 2023,AMD230616C00080000,16.39,0.065,16.05,16.4,42,0.5203,0.7851,0.0138,20228,80.00,AMD230616P00080000,2.89,-0.16,2.84,2.93,1016,0.5186,-0.2171,0.0139,33535
Fri Jun 16 2023,AMD230616C00085000,12.85,0.05,12.55,12.8,68,0.5038,0.7044,0.0168,16190,85.00,AMD230616P00085000,4.3,-0.175,4.3,4.4,185,0.5016,-0.2994,0.0171,16052
Fri Jun 16 2023,AMD230616C00090000,9.59,-0.16,9.5,9.65,229,0.4872,0.6109,0.0193,12021,90.00,AMD230616P00090000,6.15,-0.225,6.15,6.3,517,0.4867,-0.3944,0.0197,14361
Fri Jun 16 2023,AMD230616C00095000,7.1,-0.05,6.95,7,1706,0.4721,0.5103,0.0206,18314,95.00,AMD230616P00095000,8.6,-0.2,8.6,8.7,1168,0.4725,-0.4974,0.0211,6185
Fri Jun 16 2023,AMD230616C00100000,4.93,-0.17,4.9,5,637,0.4627,0.4097,0.0205,20134,100.00,AMD230616P00100000,11.65,-0.075,11.55,11.65,82,0.4618,-0.6012,0.0213,11646
Fri Jun 16 2023,AMD230616C00105000,3.4,-0.125,3.35,3.45,289,0.4549,0.316,0.0191,11099,105.00,AMD230616P00105000,15.05,-0.125,15,15.15,16,0.4542,-0.699,0.0201,1646
Fri Jun 16 2023,AMD230616C00110000,2.27,-0.1,2.24,2.4,470,0.4483,0.2354,0.0167,34768,110.00,AMD230616P00110000,18.9,-0.15,18.9,19.15,59,0.4511,-0.7849,0.018,494
Fri Jun 16 2023,AMD230616C00115000,1.5,-0.075,1.44,1.57,104,0.4448,0.1706,0.0139,8913,115.00,AMD230616P00115000,23.95,0.625,23.1,23.45,2,0.4501,-0.8559,0.0154,522
Fri Jun 16 2023,AMD230616C00120000,0.98,-0.055,0.95,1.07,104,0.4436,0.1211,0.011,5085,120.00,AMD230616P00120000,28,0,27.65,28.1,0,0.4561,-0.912,0.0128,223
Fri Jun 16 2023,AMD230616C00125000,0.67,-0.01,0.62,0.71,27,0.4454,0.0848,0.0085,4105,125.00,AMD230616P00125000,32.48,-0.12,32.5,32.85,13,0.4596,-0.9548,0.0105,22
Fri Jun 16 2023,AMD230616C00130000,0.45,0,0.4,0.44,48,0.4488,0.0594,0.0064,4445,130.00,AMD230616P00130000,37,0,37.35,37.75,0,0.4736,-0.9852,0.0074,7
Fri Jun 16 2023,AMD230616C00135000,0.28,-0.02,0.27,0.3,316,0.4544,0.0418,0.0048,5715,135.00,AMD230616P00135000,39.75,0,42.35,42.75,0,0.5153,-0.9983,0.001,1
Fri Jun 16 2023,AMD230616C00140000,0.19,-0.02,0.18,0.2,21,0.4582,0.0298,0.0036,4706,140.00,AMD230616P00140000,48.29,0,47.35,47.7,0,0,-1,0,3
Fri Jul 21 2023,AMD230721C00045000,57.5,0,48.2,48.55,0,0.7126,0.9832,0.0012,6,45.00,AMD230721P00045000,0.24,-0.02,0.24,0.25,4,0.7078,-0.0174,0.0012,1683
Fri Jul 21 2023,AMD230721C00050000,46.23,0,43.4,43.9,0,0.6753,0.9743,0.0018,56,50.00,AMD230721P00050000,0.35,-0.04,0.35,0.37,12,0.6591,-0.0263,0.0018,1704
Fri Jul 21 2023,AMD230721C00055000,43.36,0,38.6,39.05,0,0.6127,0.9611,0.0027,205,55.00,AMD230721P00055000,0.55,-0.035,0.53,0.56,14,0.6202,-0.0397,0.0028,1257
Fri Jul 21 2023,AMD230721C00060000,39.55,0,34.05,34.45,0,0.5946,0.9416,0.004,193,60.00,AMD230721P00060000,0.95,0.065,0.82,0.85,1,0.5888,-0.0594,0.004,1552
Fri Jul 21 2023,AMD230721C00065000,33.2,0,29.5,29.95,0,0.5629,0.9138,0.0056,956,65.00,AMD230721P00065000,1.24,-0.085,1.24,1.28,39,0.5611,-0.0873,0.0057,6559
Fri Jul 21 2023,AMD230721C00070000,25.4,-0.075,25.3,25.65,10005,0.5427,0.876,0.0076,11031,70.00,AMD230721P00070000,1.9,-0.06,1.86,1.9,228,0.5374,-0.1257,0.0077,5235
Fri Jul 21 2023,AMD230721C00075000,21.7,0.275,21.25,21.55,16,0.5187,0.827,0.0099,2351,75.00,AMD230721P00075000,2.78,-0.07,2.73,2.78,64,0.5176,-0.1753,0.01,4345
Fri Jul 21 2023,AMD230721C00080000,17.68,-0.02,17.45,17.75,7,0.4997,0.7664,0.0122,2146,80.00,AMD230721P00080000,3.9,-0.15,3.9,4,115,0.5004,-0.2372,0.0125,2262
Fri Jul 21 2023,AMD230721C00085000,14.4,0.05,14.15,14.3,190,0.4874,0.6951,0.0144,7765,85.00,AMD230721P00085000,5.45,-0.2,5.45,5.6,2356,0.4859,-0.31,0.0148,5185
Fri Jul 21 2023,AMD230721C00090000,11.44,0.09,11.15,11.4,151,0.4742,0.6158,0.0162,3074,90.00,AMD230721P00090000,7.47,-0.13,7.45,7.55,90,0.4726,-0.3917,0.0166,5376
Fri Jul 21 2023,AMD230721C00095000,8.84,0.04,8.6,8.75,320,0.463,0.5317,0.0172,2764,95.00,AMD230721P00095000,9.94,-0.085,9.85,10,50,0.4614,-0.4788,0.0178,6012
Fri Jul 21 2023,AMD230721C00100000,6.6,-0.1,6.5,6.65,369,0.4522,0.4467,0.0175,6092,100.00,AMD230721P00100000,12.7,-0.2,12.75,12.9,21,0.4533,-0.567,0.0183,1654
Fri Jul 21 2023,AMD230721C00105000,4.9,-0.075,4.8,4.95,66,0.4444,0.366,0.0169,3157,105.00,AMD230721P00105000,17.15,0.925,16.05,16.2,1,0.4452,-0.6522,0.018,498
Fri Jul 21 2023,AMD230721C00110000,3.55,-0.1,3.5,3.6,172,0.4393,0.2928,0.0156,3297,110.00,AMD230721P00110000,20.92,0.945,19.7,19.95,1,0.4383,-0.7312,0.017,183
Fri Jul 21 2023,AMD230721C00115000,2.57,-0.06,2.54,2.63,2950,0.4359,0.2293,0.0139,8572,115.00,AMD230721P00115000,20.25,0,23.75,24.2,0,0.4382,-0.8012,0.0155,307
Fri Jul 21 2023,AMD230721C00120000,1.84,-0.045,1.79,1.92,40,0.4327,0.1768,0.012,1208,120.00,AMD230721P00120000,24.8,0,28.15,28.5,0,0.4332,-0.8611,0.0138,115
Fri Jul 21 2023,AMD230721C00125000,1.31,-0.035,1.28,1.41,74,0.4319,0.1345,0.01,2110,125.00,AMD230721P00125000,27.95,0,32.7,33.1,0,0.437,-0.9111,0.0121,83
Fri Jul 21 2023,AMD230721C00130000,0.95,-0.01,0.91,1,26,0.4321,0.1017,0.0082,964,130.00,AMD230721P00130000,35.22,0,37.45,37.9,0,0.4418,-0.9516,0.0105,46
Fri Jul 21 2023,AMD230721C00135000,0.68,-0.005,0.65,0.68,1,0.4338,0.0769,0.0066,604,135.00,AMD230721P00135000,40,0,42.35,42.75,0,0.4429,-0.9824,0.0078,15
Fri Jul 21 2023,AMD230721C00140000,0.5,0.005,0.48,0.49,22,0.4373,0.058,0.0053,2856,140.00,AMD230721P00140000,0,0,47.35,47.9,0,0.5024,-0.9969,0.0015,0
Fri Sep 15 2023,AMD230915C00045000,41.72,0,48.75,49.25,0,0.6462,0.9739,0.0016,8,45.00,AMD230915P00045000,0.46,-0.045,0.46,0.5,4,0.651,-0.0272,0.0016,1616
Fri Sep 15 2023,AMD230915C00050000,43.25,-1.1,44.1,44.75,4,0.6301,0.9606,0.0023,199,50.00,AMD230915P00050000,0.71,-0.05,0.7,0.74,112,0.6189,-0.0406,0.0023,3440
Fri Sep 15 2023,AMD230915C00055000,44.24,0,39.6,40,0,0.5897,0.9424,0.0032,44,55.00,AMD230915P00055000,1.09,-0.025,1.04,1.08,23,0.5911,-0.0591,0.0032,3988
Fri Sep 15 2023,AMD230915C00060000,39.25,0,35.2,35.6,0,0.5682,0.918,0.0043,382,60.00,AMD230915P00060000,1.57,-0.05,1.53,1.58,1,0.5692,-0.0838,0.0044,16683
Fri Sep 15 2023,AMD230915C00065000,30.95,0,31.05,31.4,0,0.5535,0.8868,0.0057,2690,65.00,AMD230915P00065000,2.22,-0.075,2.19,2.25,55,0.5492,-0.1156,0.0058,21100
Fri Sep 15 2023,AMD230915C00070000,26.5,-0.725,27.05,27.35,1,0.535,0.8481,0.0072,1521,70.00,AMD230915P00070000,3.09,-0.11,3.05,3.15,48,0.5316,-0.155,0.0073,14424
Fri Sep 15 2023,AMD230915C00075000,22.95,0,23.3,23.55,0,0.519,0.8019,0.0087,989,75.00,AMD230915P00075000,4.22,-0.13,4.2,4.3,67,0.517,-0.2023,0.0089,8345
Fri Sep 15 2023,AMD230915C00080000,19.85,-0.15,19.75,20.1,19,0.5031,0.7486,0.0103,3235,80.00,AMD230915P00080000,5.7,-0.075,5.6,5.75,8,0.5033,-0.2568,0.0106,5137
Fri Sep 15 2023,AMD230915C00085000,16.98,0.13,16.55,16.95,17,0.4922,0.6893,0.0117,4058,85.00,AMD230915P00085000,7.45,-0.1,7.35,7.5,34,0.4909,-0.3183,0.012,10135
Fri Sep 15 2023,AMD230915C00090000,13.9,-0.1,13.8,14.05,47,0.4822,0.6253,0.0128,2166,90.00,AMD230915P00090000,9.5,-0.125,9.45,9.55,153,0.4792,-0.3849,0.0133,4392
Fri Sep 15 2023,AMD230915C00095000,11.42,-0.055,11.3,11.5,169,0.4717,0.5587,0.0136,2949,95.00,AMD230915P00095000,11.8,-0.25,11.85,12,122,0.4686,-0.4547,0.0143,1707
Fri Sep 15 2023,AMD230915C00100000,9.35,0.025,9.15,9.25,152,0.4613,0.4912,0.014,6294,100.00,AMD230915P00100000,15,0.15,14.65,14.8,1,0.46,-0.5258,0.0148,704
Fri Sep 15 2023,AMD230915C00105000,7.44,-0.06,7.3,7.45,111,0.4556,0.4257,0.014,4567,105.00,AMD230915P00105000,18.05,0,17.75,18.1,0,0.4547,-0.596,0.015,764
Fri Sep 15 2023,AMD230915C00110000,5.95,0,5.8,5.9,16,0.4495,0.3638,0.0135,4826,110.00,AMD230915P00110000,19.6,0,21.25,21.65,0,0.4506,-0.6634,0.0148,821
Fri Sep 15 2023,AMD230915C00115000,4.65,-0.05,4.55,4.65,2,0.4446,0.3069,0.0128,3156,115.00,AMD230915P00115000,23.22,0,25.1,25.45,0,0.4473,-0.7267,0.0143,3
Fri Sep 15 2023,AMD230915C00120000,3.59,-0.11,3.55,3.65,12,0.4411,0.256,0.0118,3263,120.00,AMD230915P00120000,29.17,-0.18,29.1,29.5,1,0.4428,-0.7847,0.0136,57
Fri Sep 15 2023,AMD230915C00125000,2.78,-0.09,2.75,2.84,17,0.4379,0.2116,0.0107,3008,125.00,AMD230915P00125000,27.97,0,33.45,33.8,0,0.44,-0.837,0.0128,67
Fri Sep 15 2023,AMD230915C00130000,2.2,-0.035,2.13,2.22,5,0.4362,0.1739,0.0095,1790,130.00,AMD230915P00130000,35.15,0,37.9,38.25,0,0.4311,-0.8833,0.0118,23
Fri Sep 15 2023,AMD230915C00135000,1.67,-0.075,1.65,1.73,15,0.4354,0.142,0.0083,1223,135.00,AMD230915P00135000,38.5,0,42.65,43,0,0.4406,-0.9243,0.011,3
Fri Sep 15 2023,AMD230915C00140000,1.22,-0.135,1.29,1.35,20,0.4355,0.1157,0.0072,988,140.00,AMD230915P00140000,47.25,0,47.35,47.8,0,0.4294,-0.9598,0.0102,20
Fri Oct 20 2023,AMD231020C00045000,39.51,0,48.9,49.9,0,0.6272,0.9683,0.0017,1,45.00,AMD231020P00045000,0.71,0,0.63,0.67,0,0.631,-0.0333,0.0017,335
Fri Oct 20 2023,AMD231020C00050000,49.32,0,44.55,45.15,0,0.5908,0.9533,0.0024,8,50.00,AMD231020P00050000,0.96,-0.055,0.94,1,102,0.6043,-0.0485,0.0025,789
Fri Oct 20 2023,AMD231020C00055000,44.84,0,40.15,40.6,0,0.575,0.9334,0.0033,11,55.00,AMD231020P00055000,1.55,0.08,1.37,1.43,3,0.5804,-0.0686,0.0034,603
Fri Oct 20 2023,AMD231020C00060000,35.93,0,35.9,36.35,0,0.5571,0.9079,0.0044,40,60.00,AMD231020P00060000,1.97,-0.095,1.95,2.02,22,0.5595,-0.0947,0.0044,814
Fri Oct 20 2023,AMD231020C00065000,31.4,0,31.9,32.25,0,0.544,0.8764,0.0056,43,65.00,AMD231020P00065000,2.75,-0.09,2.71,2.79,31,0.5412,-0.1268,0.0057,1509
Fri Oct 20 2023,AMD231020C00070000,28.1,-0.075,28,28.35,4,0.5291,0.8385,0.0069,858,70.00,AMD231020P00070000,3.75,-0.1,3.65,3.8,57,0.5246,-0.1656,0.007,2582
Fri Oct 20 2023,AMD231020C00075000,23.77,-0.755,24.35,24.7,2,0.5148,0.7945,0.0082,93,75.00,AMD231020P00075000,4.95,-0.125,4.9,5.05,103,0.5114,-0.2108,0.0084,485
Fri Oct 20 2023,AMD231020C00080000,21.05,-0.125,20.9,21.3,13,0.499,0.7446,0.0095,169,80.00,AMD231020P00080000,6.5,-0.075,6.4,6.55,76,0.4983,-0.2622,0.0098,1060
Fri Oct 20 2023,AMD231020C00085000,18,-0.025,17.75,18.2,24,0.4866,0.6899,0.0107,434,85.00,AMD231020P00085000,8.57,0,8.2,8.35,0,0.4864,-0.3192,0.0111,912
Fri Oct 20 2023,AMD231020C00090000,15.3,0.075,15.05,15.35,20,0.4776,0.6314,0.0116,455,90.00,AMD231020P00090000,10.3,-0.2,10.35,10.5,133,0.4774,-0.3802,0.0122,440
Fri Oct 20 2023,AMD231020C00095000,12.8,0.05,12.55,12.9,271,0.4684,0.5706,0.0124,3412,95.00,AMD231020P00095000,12.85,-0.1,12.75,12.95,39,0.467,-0.4445,0.0131,849
Fri Oct 20 2023,AMD231020C00100000,10.45,-0.125,10.4,10.55,64,0.4596,0.5094,0.0128,1184,100.00,AMD231020P00100000,15.85,0,15.55,15.7,0,0.459,-0.5097,0.0136,544
Fri Oct 20 2023,AMD231020C00105000,8.6,-0.075,8.5,8.65,20,0.452,0.4493,0.0128,1002,105.00,AMD231020P00105000,19,0.2,18.6,18.8,2,0.4507,-0.5748,0.0139,500
Fri Oct 20 2023,AMD231020C00110000,7.1,0.025,6.9,7.05,6,0.4455,0.3922,0.0126,1875,110.00,AMD231020P00110000,22.1,-0.1,22,22.2,32,0.4445,-0.6379,0.014,256
Fri Oct 20 2023,AMD231020C00115000,5.75,0.025,5.6,5.75,2,0.4424,0.3383,0.0121,999,115.00,AMD231020P00115000,25.75,-0.15,25.7,25.95,23,0.4405,-0.6982,0.0137,296
Fri Oct 20 2023,AMD231020C00120000,4.5,-0.125,4.5,4.65,51,0.4387,0.2894,0.0114,944,120.00,AMD231020P00120000,30.19,0.315,29.65,30.05,2,0.4398,-0.7544,0.0133,235
Fri Oct 20 2023,AMD231020C00125000,3.75,0,3.6,3.75,0,0.4358,0.2457,0.0106,807,125.00,AMD231020P00125000,31.05,0,33.8,34.25,0,0.433,-0.8062,0.0127,6
Fri Oct 20 2023,AMD231020C00130000,3,-0.005,2.91,3.05,53,0.4339,0.2074,0.0097,1544,130.00,AMD231020P00130000,35.15,0,38.25,38.65,0,0.4355,-0.8532,0.0121,40
Fri Oct 20 2023,AMD231020C00135000,2.38,-0.04,2.33,2.47,2,0.4328,0.1745,0.0087,69,135.00,AMD231020P00135000,43.45,0,42.85,43.15,0,0.4325,-0.8953,0.0114,15
Fri Oct 20 2023,AMD231020C00140000,1.96,0.005,1.87,1.95,12,0.4325,0.1466,0.0078,521,140.00,AMD231020P00140000,44.15,0,47.55,47.95,0,0.4354,-0.9326,0.0106,10
Fri Jan 19 2024,AMD240119C00065000,33.35,-0.875,34,34.45,1,0.5363,0.858,0.0052,4977,65.00,AMD240119P00065000,4.2,0.025,4,4.25,6,0.5338,-0.1477,0.0053,26242
Fri Jan 19 2024,AMD240119C00070000,30.1,-0.5,30.4,30.8,4,0.5232,0.8229,0.0061,6441,70.00,AMD240119P00070000,5.35,-0.125,5.25,5.45,60,0.5211,-0.1842,0.0063,26898
Fri Jan 19 2024,AMD240119C00075000,26.63,-0.545,26.95,27.4,1,0.5105,0.7837,0.007,9126,75.00,AMD240119P00075000,6.8,-0.125,6.65,6.95,13,0.5095,-0.225,0.0073,28428
Fri Jan 19 2024,AMD1240119C00075000,78.77,0,88.05,91.2,0,0.6288,0.9612,0.0018,5,75.00,AMD1240119P00075000,0,0,1.05,2.67,0,0.6168,-0.042,0.0018,7
Fri Jan 19 2024,AMD240119C00080000,23.97,-0.03,23.9,24.25,28,0.5025,0.7409,0.0079,12336,80.00,AMD240119P00080000,8.5,-0.1,8.35,8.7,102,0.5003,-0.2696,0.0083,23273
Fri Jan 19 2024,AMD1240119C00080000,0,0,83.65,86.9,0,0.6161,0.952,0.0021,1,80.00,AMD1240119P00080000,4.2,0,1.47,3.2,0,0.606,-0.0514,0.0022,6
Fri Jan 19 2024,AMD240119C00085000,21.35,0.25,20.9,21.35,39,0.4914,0.695,0.0087,13030,85.00,AMD240119P00085000,10.44,-0.085,10.35,10.55,393,0.4896,-0.3179,0.0092,14698
Fri Jan 19 2024,AMD1240119C00085000,69.29,0,79.25,82.65,0,0.6015,0.9414,0.0025,2,85.00,AMD1240119P00085000,0,0,1.93,3.8,0,0.5946,-0.0622,0.0026,0
Fri Jan 19 2024,AMD240119C00090000,18.1,-0.325,18.25,18.5,90,0.4809,0.6473,0.0094,14212,90.00,AMD240119P00090000,12.65,-0.075,12.55,12.9,138,0.4822,-0.3687,0.01,19177
Fri Jan 19 2024,AMD1240119C00090000,75,-1.025,75,77.75,5,0.5715,0.9293,0.0029,10,90.00,AMD1240119P00090000,0,0,2.31,4.45,0,0.5784,-0.0747,0.003,10
Fri Jan 19 2024,AMD240119C00095000,16.05,0.05,15.9,16.25,67,0.4761,0.5982,0.01,8626,95.00,AMD240119P00095000,14.95,-0.275,15,15.4,12,0.4734,-0.4213,0.0107,11104
Fri Jan 19 2024,AMD1240119C00095000,0,0,70.8,73.65,0,0.5617,0.9158,0.0034,5,95.00,AMD1240119P00095000,0,0,3.3,5.2,0,0.5761,-0.0885,0.0035,16
Fri Jan 19 2024,AMD240119C00100000,13.9,0.05,13.7,14.1,217,0.4703,0.5486,0.0103,21603,100.00,AMD240119P00100000,17.85,-0.125,17.75,18.15,11,0.4677,-0.4753,0.0112,12473
Fri Jan 19 2024,AMD1240119C00100000,0,0,66.65,69.65,0,0.5516,0.9008,0.0039,17,100.00,AMD1240119P00100000,7.25,0,4.1,6.05,0,0.5672,-0.1039,0.004,76
Fri Jan 19 2024,AMD240119C00105000,11.89,-0.035,11.75,12.15,7,0.4632,0.4999,0.0106,7870,105.00,AMD240119P00105000,20.4,0,20.75,21.15,0,0.4613,-0.529,0.0116,5317
Fri Jan 19 2024,AMD1240119C00105000,0,0,62.65,65.8,0,0.544,0.8842,0.0044,9,105.00,AMD1240119P00105000,8.4,0,4.95,7,0,0.5577,-0.1208,0.0045,17
Fri Jan 19 2024,AMD240119C00110000,10.3,0.15,10,10.45,53,0.4568,0.452,0.0106,13099,110.00,AMD240119P00110000,24.45,0.2,24,24.45,20,0.4559,-0.5825,0.0119,10796
Fri Jan 19 2024,AMD1240119C00110000,0,0,58.75,62,0,0.5355,0.8662,0.0049,10,110.00,AMD1240119P00110000,10.05,0,5.95,8.05,0,0.5493,-0.1393,0.0051,23
Fri Jan 19 2024,AMD240119C00115000,8.7,0,8.5,8.95,62,0.4519,0.4063,0.0105,12017,115.00,AMD240119P00115000,26.25,0,27.5,27.95,0,0.4508,-0.6347,0.012,4781
Fri Jan 19 2024,AMD1240119C00115000,0,0,55,58.35,0,0.5285,0.8468,0.0055,8,115.00,AMD1240119P00115000,11.85,0,6.95,9.25,0,0.54,-0.1593,0.0056,354
Fri Jun 21 2024,AMD240621C00045000,56.1,0,51.8,53,0,0.5815,0.9439,0.0021,33,45.00,AMD240621P00045000,1.92,0,1.96,2.12,0,0.5743,-0.0622,0.0021,1589
Fri Jun 21 2024,AMD240621C00050000,51.5,0,47.65,48.85,0,0.5558,0.9243,0.0026,566,50.00,AMD240621P00050000,2.83,0,2.68,2.93,0,0.5605,-0.0824,0.0027,3752
Fri Jun 21 2024,AMD240621C00055000,49.9,0,44,44.85,0,0.5443,0.9014,0.0032,215,55.00,AMD240621P00055000,3.8,0.05,3.5,3.85,15,0.5452,-0.1059,0.0034,6712
Fri Jun 21 2024,AMD240621C00060000,39.95,-0.7,40.4,41,4,0.5316,0.8756,0.0039,2390,60.00,AMD240621P00060000,4.83,0.005,4.6,4.85,68,0.5313,-0.133,0.004,5304
Fri Jun 21 2024,AMD240621C00065000,36.75,0,36.9,37.35,0,0.5169,0.8468,0.0046,297,65.00,AMD240621P00065000,6.25,0.225,5.9,6.1,10,0.5213,-0.1627,0.0048,12337
Fri Jun 21 2024,AMD240621C00070000,33.65,0,33.55,34.05,0,0.5071,0.8153,0.0052,886,70.00,AMD240621P00070000,7.45,-0.025,7.3,7.5,1,0.5087,-0.196,0.0055,16570
Fri Jun 21 2024,AMD240621C00075000,30.8,0.225,30.55,30.85,32,0.4995,0.7815,0.0059,1584,75.00,AMD240621P00075000,9.09,-0.035,8.95,9.25,59,0.5008,-0.2318,0.0062,7499
Fri Jun 21 2024,AMD240621C00080000,27.74,0.09,27.5,27.95,8,0.4898,0.7456,0.0065,1825,80.00,AMD240621P00080000,10.88,-0.07,10.75,11.1,51,0.491,-0.27,0.0069,10004
Fri Jun 21 2024,AMD240621C00085000,25.15,0.2,24.75,25.25,13,0.4826,0.708,0.007,2492,85.00,AMD240621P00085000,12.95,-0.075,12.85,13.1,290,0.4822,-0.3104,0.0076,6068
Fri Jun 21 2024,AMD240621C00090000,22.57,0.195,22.2,22.65,159,0.4742,0.6694,0.0075,1586,90.00,AMD240621P00090000,15.25,-0.075,15.1,15.45,104,0.4759,-0.3525,0.0082,1141
Fri Jun 21 2024,AMD240621C00095000,20.22,0.17,19.95,20.25,59,0.4682,0.6298,0.008,1095,95.00,AMD240621P00095000,18,0,17.65,17.95,0,0.4687,-0.3962,0.0088,2484
Fri Jun 21 2024,AMD240621C00100000,17.9,0,17.8,18.15,30,0.463,0.5898,0.0083,4770,100.00,AMD240621P00100000,20.64,0.09,20.4,20.7,1,0.4625,-0.4406,0.0093,1147
Fri Jun 21 2024,AMD240621C00105000,15.89,-0.06,15.85,16.2,33,0.4575,0.5502,0.0086,1330,105.00,AMD240621P00105000,23.65,0,23.3,23.7,0,0.4567,-0.4855,0.0097,600
Fri Jun 21 2024,AMD240621C00110000,14.23,0.055,14.1,14.35,44,0.4522,0.5109,0.0087,2532,110.00,AMD240621P00110000,26.63,0.03,26.45,26.75,3,0.4513,-0.5308,0.0101,380
Fri Jun 21 2024,AMD240621C00115000,12.63,0.055,12.45,12.8,4,0.4476,0.4729,0.0088,1107,115.00,AMD240621P00115000,28.68,0,29.8,30.2,0,0.4479,-0.5757,0.0104,569
Fri Jun 21 2024,AMD240621C00120000,11.01,-0.09,11,11.35,13,0.4432,0.4364,0.0088,2773,120.00,AMD240621P00120000,33.3,-0.15,33.25,33.8,1,0.444,-0.6198,0.0106,709
Fri Jun 21 2024,AMD240621C00125000,9.5,0,9.7,10.1,0,0.4404,0.401,0.0087,785,125.00,AMD240621P00125000,34.5,0,37,37.7,0,0.4408,-0.663,0.0108,199
Fri Jun 21 2024,AMD240621C00130000,8.65,-0.025,8.55,8.95,6,0.4368,0.3682,0.0085,786,130.00,AMD240621P00130000,46.25,0,40.85,41.55,0,0.4374,-0.7051,0.0109,1
Fri Jun 21 2024,AMD240621C00135000,7.77,0,7.55,7.95,0,0.4346,0.3372,0.0083,2824,135.00,AMD240621P00135000,44.7,0,44.9,45.6,0,0.4339,-0.7458,0.011,11
Fri Jun 21 2024,AMD240621C00140000,6.85,0.05,6.65,6.95,13,0.4312,0.308,0.008,966,140.00,AMD240621P00140000,46.25,0,49.1,49.85,0,0.4313,-0.785,0.011,6
Fri Jan 17 2025,AMD250117C00045000,60,0,53.65,55.1,0,0.542,0.9356,0.002,231,45.00,AMD250117P00045000,3.15,0,2.98,3.25,0,0.5492,-0.0747,0.0021,4066
Fri Jan 17 2025,AMD250117C00050000,50.6,0.075,49.9,51.35,109,0.5299,0.9161,0.0025,3072,50.00,AMD250117P00050000,4.1,-0.025,4,4.1,111,0.5352,-0.0951,0.0026,6886
Fri Jan 17 2025,AMD250117C00055000,47.15,0.1,46.65,47.4,172,0.5178,0.8942,0.003,623,55.00,AMD250117P00055000,5.2,-0.025,5.05,5.35,177,0.5254,-0.1179,0.0031,3654
Fri Jan 17 2025,AMD250117C00060000,43.71,0.085,43.35,44.1,1484,0.512,0.8702,0.0035,3989,60.00,AMD250117P00060000,6.44,-0.085,6.3,6.6,1421,0.5136,-0.1432,0.0037,10815
Fri Jan 17 2025,AMD250117C00065000,40,-0.35,40.15,40.7,2,0.5009,0.8441,0.004,1106,65.00,AMD250117P00065000,7.9,-0.05,7.75,8.05,20,0.5037,-0.171,0.0042,10383
Fri Jan 17 2025,AMD250117C00070000,37.7,0.425,37.1,37.55,2,0.4922,0.8164,0.0045,1662,70.00,AMD250117P00070000,9.6,-0.05,9.45,9.75,4,0.497,-0.2006,0.0048,15501
Fri Jan 17 2025,AMD250117C00075000,34.5,0.1,34.2,34.65,38,0.4846,0.7873,0.0049,2963,75.00,AMD250117P00075000,11.42,-0.03,11.25,11.5,4,0.4878,-0.2321,0.0053,6828
Fri Jan 17 2025,AMD250117C00080000,31.39,-0.385,31.5,32.05,11,0.4797,0.7569,0.0054,4004,80.00,AMD250117P00080000,13.4,-0.05,13.25,13.5,2,0.4805,-0.2652,0.0059,6918
Fri Jan 17 2025,AMD250117C00085000,28.83,-0.32,28.95,29.4,1,0.4725,0.7256,0.0058,1753,85.00,AMD250117P00085000,15.8,0.15,15.4,15.7,3,0.4736,-0.2996,0.0064,3943
Fri Jan 17 2025,AMD250117C00090000,26.71,-0.065,26.6,27.1,23,0.4643,0.6936,0.0062,3621,90.00,AMD250117P00090000,17.95,-0.075,17.8,18.1,2,0.468,-0.3353,0.0069,5381
Fri Jan 17 2025,AMD250117C00095000,24.5,-0.075,24.35,24.85,19,0.4625,0.6613,0.0065,1681,95.00,AMD250117P00095000,20.5,-0.1,20.4,20.65,6,0.4628,-0.3719,0.0073,2633
Fri Jan 17 2025,AMD250117C00100000,22.65,0.1,22.3,22.9,11,0.456,0.6288,0.0068,6371,100.00,AMD250117P00100000,23.68,0.33,23.1,23.45,2,0.4584,-0.4091,0.0078,2859
Fri Jan 17 2025,AMD250117C00105000,20.4,-0.2,20.35,20.85,45,0.453,0.5964,0.007,1184,105.00,AMD250117P00105000,26.5,0,26,26.5,0,0.4544,-0.4467,0.0082,346
Fri Jan 17 2025,AMD250117C00110000,18.31,-0.465,18.55,19.15,3,0.4496,0.5643,0.0072,3552,110.00,AMD250117P00110000,29.55,0,29.05,29.4,0,0.4476,-0.4848,0.0085,1144
Fri Jan 17 2025,AMD250117C00115000,17.29,0.165,16.9,17.35,48,0.444,0.533,0.0073,885,115.00,AMD250117P00115000,32.05,0,32.25,32.7,0,0.4436,-0.5226,0.0088,402
Fri Jan 17 2025,AMD250117C00120000,15.61,-0.015,15.4,15.8,23,0.44,0.5025,0.0074,3808,120.00,AMD250117P00120000,36.25,0,35.65,36.1,0,0.4394,-0.5605,0.0092,1558
Fri Jan 17 2025,AMD250117C00125000,14.3,0.1,14,14.45,15,0.4372,0.4728,0.0074,1951,125.00,AMD250117P00125000,37.75,0,39.1,39.95,0,0.4379,-0.5979,0.0094,1281
Fri Jan 17 2025,AMD250117C00130000,12.9,-0.075,12.65,13.2,6,0.4339,0.4445,0.0074,2943,130.00,AMD250117P00130000,43.65,0,42.7,43.7,0,0.4334,-0.6352,0.0097,311
Fri Jan 17 2025,AMD250117C00135000,11.9,0.025,11.7,12.1,26,0.4334,0.4173,0.0073,2550,135.00,AMD250117P00135000,43.85,0,46.65,47.7,0,0.4308,-0.6715,0.0099,142
Fri Jan 17 2025,AMD250117C00140000,10.8,0,10.65,11,9,0.4306,0.3914,0.0072,3206,140.00,AMD250117P00140000,51.18,0,50.6,51.65,0,0.4293,-0.7073,0.0101,5
Fri Dec 19 2025,AMD251219C00050000,54.5,0,52.35,55.8,0,0.511,0.9139,0.0023,28,50.00,AMD251219P00050000,5.8,-0.025,5.6,6.05,1,0.5153,-0.1048,0.0024,37
Fri Dec 19 2025,AMD251219C00055000,0,0,49.3,52.25,0,0.4995,0.8938,0.0026,0,55.00,AMD251219P00055000,7,0,6.85,7.45,0,0.5046,-0.1262,0.0028,4
Fri Dec 19 2025,AMD251219C00060000,47.5,-0.225,46.95,48.65,6,0.4946,0.8724,0.003,197,60.00,AMD251219P00060000,8.69,0,8.55,8.95,0,0.4984,-0.1493,0.0032,229
Fri Dec 19 2025,AMD251219C00065000,48,0,43.35,45.65,0,0.4774,0.8498,0.0034,5,65.00,AMD251219P00065000,10.45,0,10.2,10.65,0,0.4904,-0.1739,0.0036,7
Fri Dec 19 2025,AMD251219C00070000,42.4,0.5,41.35,42.9,2,0.4813,0.8262,0.0037,10,70.00,AMD251219P00070000,12.7,0,11.9,12.5,0,0.4821,-0.1997,0.0041,80
Fri Dec 19 2025,AMD251219C00075000,40,0.6,38.75,40.1,2,0.4736,0.8018,0.004,21,75.00,AMD251219P00075000,14.57,0,14.05,14.55,0,0.4779,-0.2269,0.0045,432
Fri Dec 19 2025,AMD251219C00080000,36.75,0,35.4,38,0,0.4644,0.7767,0.0044,48,80.00,AMD251219P00080000,16.45,0.025,15.95,16.75,2,0.4694,-0.2549,0.0049,218
Fri Dec 19 2025,AMD251219C00085000,34.6,0.2,34.05,35.4,2,0.466,0.7512,0.0046,18,85.00,AMD251219P00085000,17.8,0,18.35,19.1,0,0.4659,-0.2838,0.0053,2
Fri Dec 19 2025,AMD251219C00090000,32.5,0.05,31.95,32.75,200,0.4584,0.7253,0.0049,222,90.00,AMD251219P00090000,20.8,-0.8,20.95,21.55,215,0.4616,-0.3136,0.0057,278
Fri Dec 19 2025,AMD251219C00095000,30.06,-0.24,29.75,30.65,1,0.453,0.6994,0.0052,93,95.00,AMD251219P00095000,22.1,0,23.4,24.2,0,0.4562,-0.3439,0.006,61
Fri Dec 19 2025,AMD251219C00100000,27.2,-1,27.8,28.7,1,0.4494,0.6734,0.0054,76,100.00,AMD251219P00100000,25.19,0,26,26.95,0,0.4504,-0.3746,0.0064,20
Fri Dec 19 2025,AMD251219C00105000,26.75,0.35,26.1,27.2,13,0.45,0.6475,0.0056,28,105.00,AMD251219P00105000,27.95,0,28.85,29.85,0,0.4459,-0.4059,0.0068,1
Fri Dec 19 2025,AMD251219C00110000,24.95,0,24.4,25.7,0,0.4487,0.622,0.0058,133,110.00,AMD251219P00110000,30.8,0,32,32.9,0,0.4432,-0.4376,0.0071,7
Fri Dec 19 2025,AMD251219C00115000,22.4,-0.5,22.5,23.3,1,0.4368,0.5966,0.0059,7,115.00,AMD251219P00115000,0,0,35.1,36.1,0,0.4392,-0.4693,0.0074,0
Fri Dec 19 2025,AMD251219C00120000,21.43,-0.22,20.95,22.3,23,0.4378,0.5719,0.006,70,120.00,AMD251219P00120000,0,0,38.35,39.6,0,0.4371,-0.5012,0.0078,0
Fri Dec 19 2025,AMD251219C00125000,19.2,-1,19.85,20.8,5,0.4371,0.5475,0.0061,27,125.00,AMD251219P00125000,40,0,41.8,43,0,0.4336,-0.5335,0.0081,6
Fri Dec 19 2025,AMD251219C00130000,17.55,-1.225,18.5,19.45,10,0.4342,0.5238,0.0061,33,130.00,AMD251219P00130000,46.45,0.4,45.55,46.85,2,0.435,-0.5656,0.0084,1
Fri Dec 19 2025,AMD251219C00135000,17.3,0,17.25,18.2,0,0.4318,0.5005,0.0062,26,135.00,AMD251219P00135000,46.45,0,48.65,50.6,0,0.4275,-0.5978,0.0087,1
Fri Dec 19 2025,AMD251219C00140000,16.5,0.175,16.1,16.95,5,0.4287,0.4783,0.0062,22,140.00,AMD251219P00140000,49.5,0,51.2,54.5,0,0.4247,-0.6305,0.009,6
